mean_predicted_probability,actual_rate,count
0.05985895379215537,0.053418803418803416,1872
0.1517004502355304,0.16488730723606168,2529
0.2533747764508874,0.2615923009623797,3429
0.33866173873367256,0.32723358449946177,1858
0.4492342720117486,0.46147032772364927,1129
0.5478168448844868,0.5407407407407407,810
0.6511402879116298,0.611764705882353,680
0.7503232699715224,0.7289586305278174,701
0.848497753073904,0.8491295938104448,517
0.9273593042255506,0.9467680608365019,263
